{
  "w1": -1.0686360358184581,
  "w2": -2.1812809351039184,
  "w3": 1.1289261599150302,
  "w4": 1.3009830079725815,
  "w5": -4.890937715042648,
  "w6": 2.561208571219197,
  "b1": -0.07326842366846252,
  "b2": -0.2698509418777184,
  "b3": 1.1814561102058947
}