name,probability_class_1,predicted_label
P1,0.024083,0
P2,0.026965,0
P3,0.024022,0
P4,0.025568,0
P5,0.033821,0
P6,0.964693,1
P7,0.973163,1
P8,0.974541,1
P9,0.976110,1
P10,0.976614,1
