{
  "w1": 1.6911794377374891,
  "w2": -0.3757113414268398,
  "w3": 1.0951899190853098,
  "w4": 1.1129340334675033,
  "w5": -3.274184129375769,
  "w6": -2.9023284092327994,
  "b1": -0.4424584394702996,
  "b2": -0.48861181584617513,
  "b3": 2.950267213509346
}